No, Mode, CWmin1, CWmax1, CWmin2, CWmax2, Aifsn1, Aifsn2, TxopLimit1, TxopLimit2, RTS_CTS1, RTS_CTS2, MaxSlrc1, MaxSsrc1, MaxSlrc2, MaxSsrc2, RedundancyThreshold1, RedundancyThreshold2, RedundancyFixedNumber1, RedundancyFixedNumber2, BlockCnt1, BlockCnt2, BlockCnt1_True, BlockCnt2_True, TxopTime1(us), TxopTime2(us), TxopCnt1, TxopCnt2, MaxAmpduLength1, MaxAmpduLength2, p1, p2, Occupancy Rate 1, Occupancy Rate 2, datarate1, datarate2, Throughput(Mbps)
1, 1, 15, 1023, 15, 1023, 2, 2, 32, 32, 0, 0, 4, 7, 4, 7, 100, 100, 0, 0, 0, 0, 0, 0, 759, 977, 2739, 2339, 3, 11, 0.99927, 0.999573, 0.759845, 0.846836, 77.4265, 286.765, 52.6818, 225.029, 298.554
1, 1, 15, 1023, 15, 1023, 2, 2, 32, 32, 0, 0, 4, 7, 4, 7, 100, 100, 0, 0, 0, 0, 0, 0, 759, 977, 2721, 2333, 3, 11, 0.997797, 0.999572, 0.754642, 0.844653, 77.4265, 286.765, 52.244, 224.447, 258.583
1, 1, 15, 1023, 15, 1023, 2, 2, 32, 32, 0, 0, 4, 7, 4, 7, 100, 100, 0, 0, 0, 0, 0, 0, 759, 977, 2685, 2337, 3, 11, 0.998511, 0.999573, 0.744562, 0.846112, 77.4265, 286.765, 51.5829, 224.836, 258.583
1, 1, 15, 1023, 15, 1023, 2, 2, 32, 32, 0, 0, 4, 7, 4, 7, 100, 100, 0, 0, 0, 0, 0, 0, 759, 977, 2696, 2337, 3, 11, 0.998888, 0.999787, 0.747645, 0.846112, 77.4265, 286.765, 51.8161, 224.884, 257.714
1, 1, 15, 1023, 15, 1023, 2, 2, 32, 32, 0, 0, 4, 7, 4, 7, 100, 100, 0, 0, 0, 0, 0, 0, 759, 977, 2704, 2336, 3, 11, 0.99926, 0.999915, 0.749586, 0.845744, 77.4265, 286.765, 51.97, 224.815, 257.714
1, 1, 15, 1023, 15, 1023, 2, 2, 32, 32, 0, 0, 4, 7, 4, 7, 100, 100, 0, 0, 0, 0, 0, 0, 759, 977, 2691, 2342, 3, 11, 0.998701, 1, 0.746568, 0.847554, 77.4265, 286.765, 51.7319, 225.315, 258.035
1, 1, 15, 1023, 15, 1023, 2, 2, 32, 32, 0, 0, 4, 7, 4, 7, 100, 100, 0, 0, 0, 0, 0, 0, 759, 977, 2705, 2339, 3, 11, 0.999261, 0.999574, 0.75014, 0.847197, 77.4265, 286.765, 52.0085, 225.125, 258.035
1, 1, 15, 1023, 15, 1023, 2, 2, 32, 32, 0, 0, 4, 7, 4, 7, 100, 100, 0, 0, 0, 0, 0, 0, 759, 977, 2729, 2330, 3, 11, 0.998901, 0.999572, 0.756518, 0.843573, 77.4265, 286.765, 52.4317, 224.161, 103.432
