No, Mode, CWmin1, CWmax1, CWmin2, CWmax2, Aifsn1, Aifsn2, TxopLimit1, TxopLimit2, RTS_CTS1, RTS_CTS2, MaxSlrc1, MaxSsrc1, MaxSlrc2, MaxSsrc2, RedundancyThreshold1, RedundancyThreshold2, RedundancyFixedNumber1, RedundancyFixedNumber2, BlockCnt1, BlockCnt2, BlockCnt1_True, BlockCnt2_True, TxopTime1(us), TxopTime2(us), TxopCnt1, TxopCnt2, MaxAmpduLength1, MaxAmpduLength2, p1, p2, Occupancy Rate 1, Occupancy Rate 2, datarate1, datarate2, Throughput(Mbps)
1, 1, 1, 3, 1, 3, 2, 2, 0, 0, 0, 0, 4, 7, 4, 7, 100, 100, 0, 0, 0, 0, 0, 0, 5420, 5406, 452, 457, 18, 64, 0.991036, 0.988921, 0.963276, 0.97797, 77.4265, 286.765, 72.2881, 271.66, 295.642
1, 1, 1, 3, 1, 3, 2, 2, 0, 0, 0, 0, 4, 7, 4, 7, 100, 100, 0, 0, 0, 0, 0, 0, 5419, 5382, 448, 459, 18, 64, 0.993245, 0.987425, 0.958892, 0.975812, 77.4265, 286.765, 72.1199, 270.635, 301.905
1, 1, 1, 3, 1, 3, 2, 2, 0, 0, 0, 0, 4, 7, 4, 7, 100, 100, 0, 0, 0, 0, 0, 0, 5383, 5371, 453, 460, 18, 64, 0.985329, 0.982316, 0.961019, 0.977991, 77.4265, 286.765, 71.7039, 269.846, 301.905
1, 1, 1, 3, 1, 3, 2, 2, 0, 0, 0, 0, 4, 7, 4, 7, 100, 100, 0, 0, 0, 0, 0, 0, 5442, 5441, 444, 455, 17, 64, 0.997738, 0.994991, 0.954508, 0.975823, 77.4265, 286.765, 72.1151, 272.715, 275.074
1, 1, 1, 3, 1, 3, 2, 2, 0, 0, 0, 0, 4, 7, 4, 7, 100, 100, 0, 0, 0, 0, 0, 0, 5454, 5430, 445, 456, 17, 64, 0.997748, 0.993395, 0.958827, 0.977991, 77.4265, 286.765, 72.4422, 272.881, 275.074
1, 1, 1, 3, 1, 3, 2, 2, 0, 0, 0, 0, 4, 7, 4, 7, 100, 100, 0, 0, 0, 0, 0, 0, 5419, 5441, 447, 455, 18, 64, 0.994691, 0.994967, 0.956765, 0.97798, 77.4265, 286.765, 72.0645, 273.319, 313.477
1, 1, 1, 3, 1, 3, 2, 2, 0, 0, 0, 0, 4, 7, 4, 7, 100, 100, 0, 0, 0, 0, 0, 0, 5419, 5394, 448, 458, 18, 64, 0.993244, 0.988371, 0.95886, 0.975823, 77.4265, 286.765, 72.1175, 270.897, 313.477
1, 1, 1, 3, 1, 3, 2, 2, 0, 0, 0, 0, 4, 7, 4, 7, 100, 100, 0, 0, 0, 0, 0, 0, 5435, 5406, 447, 458, 18, 64, 0.991257, 0.989551, 0.95886, 0.977991, 77.4265, 286.765, 71.9805, 271.83, 120.503
