No, Mode, CWmin1, CWmax1, CWmin2, CWmax2, Aifsn1, Aifsn2, TxopLimit1, TxopLimit2, RTS_CTS1, RTS_CTS2, MaxSlrc1, MaxSsrc1, MaxSlrc2, MaxSsrc2, RedundancyThreshold1, RedundancyThreshold2, RedundancyFixedNumber1, RedundancyFixedNumber2, BlockCnt1, BlockCnt2, BlockCnt1_True, BlockCnt2_True, TxopTime1(us), TxopTime2(us), TxopCnt1, TxopCnt2, MaxAmpduLength1, MaxAmpduLength2,MeanAmpduLength1, MeanAmpduLength2, PSR1, PSR2, Occupancy Rate 1, Occupancy Rate 2, blocktimerate1, blocktimerate2, blockrate1, blockrate2, datarate1, datarate2, throughput1, throughput2, Throughput(Mbps)
1, 1, 15, 1023, 15, 1023, 2, 2, 256, 64, 0, 0, 4, 7, 4, 7, 100, 100, 0, 0, 305, 192, 0, 5, 7655, 2008, 346, 1358, 68, 89, 0, 1, 0.972535, 0.996732, 0.867943, 0.873412, 0.325343, 0.102629, 0.455304, 0.139513, 77.4265, 286.662, 61.4374, 231.051, 290.121
1, 1, 15, 1023, 15, 1023, 2, 2, 256, 64, 0, 0, 4, 7, 4, 7, 100, 100, 0, 0, 258, 133, 0, 3, 6702, 1974, 344, 1155, 68, 89, 0, 1, 0.949877, 0.99605, 0.754186, 0.730881, 0.262881, 0.242941, 0.454742, 0.121821, 77.4265, 286.765, 52.1461, 193.523, 227.136
1, 1, 15, 1023, 15, 1023, 2, 2, 256, 64, 0, 0, 4, 7, 4, 7, 100, 100, 0, 0, 260, 159, 0, 3, 6998, 1985, 330, 1188, 68, 89, 0, 1, 0.956175, 0.995511, 0.75677, 0.755562, 0.283021, 0.218892, 0.454864, 0.102961, 77.4265, 286.646, 52.6701, 199.76, 255.786
