No, Mode, CWmin1, CWmax1, CWmin2, CWmax2, Aifsn1, Aifsn2, TxopLimit1, TxopLimit2, RTS_CTS1, RTS_CTS2, MaxSlrc1, MaxSsrc1, MaxSlrc2, MaxSsrc2, RedundancyThreshold1, RedundancyThreshold2, RedundancyFixedNumber1, RedundancyFixedNumber2, BlockCnt1, BlockCnt2, BlockCnt1_True, BlockCnt2_True, TxopTime1(us), TxopTime2(us), TxopCnt1, TxopCnt2, MaxAmpduLength1, MaxAmpduLength2,MeanAmpduLength1, MeanAmpduLength2, PSR1, PSR2, Occupancy Rate 1, Occupancy Rate 2, blocktimerate1, blocktimerate2, blockrate1, blockrate2, datarate1, datarate2, throughput1, throughput2, Throughput(Mbps)
1, 1, 15, 1023, 15, 1023, 2, 2, 256, 64, 0, 0, 4, 7, 4, 7, 100, 100, 0, 0, 89, 3, 2, 0, 377, 5279, 360, 102, 21, 251, 0, 1, 0.915858, 1, 0.0317424, 0.134158, 0.884487, 0.95105, 0.236542, 0.0022985, 78.4607, 286.765, 0.555435, 36.2917, 36.9189
1, 1, 15, 1023, 15, 1023, 2, 2, 256, 64, 0, 0, 4, 7, 4, 7, 100, 100, 0, 0, 95, 0, 2, 0, 341, 5487, 361, 77, 46, 251, 0, 1, 0.977679, 1, 0.0317997, 0.0995933, 0.412926, 0.906275, 0.178675, 0, 77.4266, 286.765, 0.429824, 26.9513, 30.2661
1, 1, 15, 1023, 15, 1023, 2, 2, 256, 64, 0, 0, 4, 7, 4, 7, 100, 100, 0, 0, 51, 2, 0, 0, 269, 5359, 349, 72, 21, 251, 0, 1, 0.937888, 1, 0.0191759, 0.0963565, 0.623049, 0.894845, 0.232929, 0.00209688, 78.5685, 286.765, 0.296363, 26.0681, 22.6763
