No, Mode, CWmin1, CWmax1, CWmin2, CWmax2, Aifsn1, Aifsn2, TxopLimit1, TxopLimit2, RTS_CTS1, RTS_CTS2, MaxSlrc1, MaxSsrc1, MaxSlrc2, MaxSsrc2, RedundancyThreshold1, RedundancyThreshold2, RedundancyFixedNumber1, RedundancyFixedNumber2, BlockCnt1, BlockCnt2, BlockCnt1_True, BlockCnt2_True, TxopTime1(us), TxopTime2(us), TxopCnt1, TxopCnt2, MaxAmpduLength1, MaxAmpduLength2,MeanAmpduLength1, MeanAmpduLength2, PSR1, PSR2, Occupancy Rate 1, Occupancy Rate 2, blocktimerate1, blocktimerate2, blockrate1, blockrate2, datarate1, datarate2, throughput1, throughput2, Throughput(Mbps)
1, 1, 15, 1023, 15, 1023, 2, 2, 256, 64, 0, 0, 4, 7, 4, 7, 100, 100, 0, 0, 19, 358, 0, 0, 55896, 1104, 492, 1618, 125, 256, 0, 1, 0.342604, 0.99561, 0.0984184, 0.561982, 0.586071, 0.454915, 0.0134937, 0.139641, 143.382, 1200.98, 4.54554, 608.856, 453.708
1, 1, 15, 1023, 15, 1023, 2, 2, 256, 64, 0, 0, 4, 7, 4, 7, 100, 100, 0, 0, 0, 330, 0, 0, 107416, 1163, 491, 1775, 125, 256, 0, 1, 0.317636, 0.995589, 0.0797808, 0.653892, 0.736563, 0.325301, 0, 0.141059, 143.383, 1200.98, 3.42878, 710.474, 536.969
1, 1, 15, 1023, 15, 1023, 2, 2, 256, 64, 0, 0, 4, 7, 4, 7, 100, 100, 0, 0, 0, 243, 0, 0, 106395, 1213, 511, 1661, 125, 256, 0, 1, 0.259402, 0.99602, 0.0906464, 0.637557, 0.741351, 0.293381, 0, 0.183197, 143.382, 1200.98, 3.18148, 694.574, 662.267
